state,mindrinkage
al,19.67000008
az,21
ar,21
ca,21
co,21
ct,20.32999992
de,21
fl,20
ga,19.25
id,19
il,21
in,21
ia,19
ks,21
ky,21
la,18
me,20.5
md,21
ma,20.5
mi,21
mn,19
ms,21
mo,21
mt,19
ne,21
nv,21
nh,20
nj,21
nm,21
ny,19.15999985
nc,21
nd,21
oh,21
ok,21
or,21
pa,21
ri,21
sc,21
sd,21
tn,21
tx,19
ut,21
vt,18
va,21
wa,21
wv,19
wi,19
wy,19
